movie_id,description,number_different_values
tt0018624,"[['American mining engineer Jim McClellan is in love with Dolores de Silva, daughter of the deposed president of a Latin American country. He becomes involved in the revolution when he ...                See full summary\xa0»'], ['Add a Plot'], ['Add a Plot']]",2
tt2345539,"[['When Martín and Sol try to solve the enigma of a missing neighbor, they will discover that nothing is what it seems, that your hearing can trick you just like your imagination and that the heart is a double-edged weapon.'], ['When Martín and Sol try to solve the mystery of a missing neighbor, they will discover that nothing is what it seems, that your hearing can trick you just like your imagination and that the heart is a double-edged weapon.'], ['When Martín and Sol try to solve the enigma of a missing neighbor, they will discover that nothing is what it seems, that your hearing can trick you just like your imagination and that the heart is a double-edged weapon.']]",2
tt22872370,"[[""Yong hears a stranger's voice from the future, connecting them to each other and sharing their love stories.""], ['On a night when the total lunar eclipse occurs, a stranger\'s voice from the future echoes through the antique radio inside Yong (Yeo Jin-goo)\'s room. ""Do you hear?"" The mysterious radio ...                See full summary\xa0»']]",2
tt22868844,"[['In a world where magic is everything, Asta, a boy who was born with no magic, aims to become the ""Wizard King,"" to overcome adversity, prove his power, and keep his oath with his friends.'], ['Add a Plot'], ['Add a Plot'], ['Add a Plot'], ['Add a Plot']]",2
tt22474922,"[[""V, an elite military assassin escapes a life of killing and is taken in by a family suffering from much loss. When a life of love looks possible for them all, V's past suddenly puts them all in danger.""], ['A military assassin escapes a life of killing and discovers a life of love.']]",2
tt21879688,"[[""Jake Bishop has been an exemplary Executive Protection Medic with a distinguished career but life hasn't always been that way for him. There have been miscues, failures, wrong turns and one...                See full summary\xa0»""], ['Jake Bishop has been an exemplary Executive Protection Medic with a distinguished career until events happen that take him out of the business after a thirty year career. Nikida his old ...                See full summary\xa0»']]",2
tt21629158,"[['A lesbian fighter becomes the bodyguard to the leader of a worldwide revolution against a tyrannical corporate-state, only to fall in love with her as they fight to change the world.'], ['In a world ruled by a brutal and dehumanizing corporation, two teenage girls with traumatic pasts join forces, start a revolution, and fall in love as they fight to overthrow the corporation and liberate the world.'], ['In a world ruled by a brutal and dehumanizing corporation, two teenage girls with traumatic pasts join forces, start a revolution, and fall in love as they fight to overthrow the corporation and liberate the world.'], ['In a world ruled by a brutal and dehumanizing corporation, two teenage girls with traumatic pasts join forces, start a revolution, and fall in love as they fight to overthrow the corporation and liberate the world.']]",2
tt21153446,"[[""After a guarded romantic meets his perfect counterpart, life's challenges threaten to tear them apart. As they face their fears and insecurities, their intense connection is tested, and ...                See full summary\xa0»""], ['After a troubled 13 yr old encounters a future version of himself, he discovers that he must complete an impossible set of tasks to save his friends. Meanwhile, a depressed man facing ...                See full summary\xa0»'], ['After a troubled 13 yr old encounters a future version of himself, he discovers that he must complete an impossible set of tasks to save his friends. Meanwhile, a depressed man facing ...                See full summary\xa0»']]",2
tt19755170,"[['A small-town man who falls in love with the most beautiful girl in town. He wants to marry her one day because marrying her can rise up his social position.'], ['It tells the story of a small-town man who falls in love with the most beautiful girl in town. He wants to marry her one day because marrying her can rise up his social position.']]",2
tt19413836,"[[""Follow Ryo Saeba's history and the demise of his colleague, Hideyuki Makimura.""], [""Follow Ryo Saeba's history and the demise of his colleague, Hideyuki Makimura.""], ['Add a Plot'], ['Add a Plot']]",2
tt19380876,"[['Hope is in a new passionate relationship and has a good job but soon finds her world turned upside down when her personal life becomes entangled with her work life.'], [""As Hope's sexual life steams up, her work as an ER doctor takes a turn for the worse when an abusive husband of a battered patient blames her for his misgivings. Soon, Hope's personal life ...                See full summary\xa0»""]]",2
tt19047064,"[['Follows the klutzy apprentice witch Fûka when she breaks the seal of a dark witch who once almost destroyed the world.'], ['Add a Plot']]",2
tt1854254,"[['Red roses and black butterflies with excellent martial arts have become the bodyguards of business giants. When the real and fake general managers emerge, they timely rescued the chairman ...                See full summary\xa0»'], ['Add a Plot']]",2
tt15464742,"[['Kali Jotta is an upcoming Punjabi movie scheduled to be released on 3 Feb, 2023. The movie is directed by Vijay Kumar Arora and will feature Neeru Bajwa, Satinder Sartaaj and Wamiqa Gabbi ...                See full summary\xa0»'], ['Kali Jotta revolves around the life and struggle of Raabia and her student Anant. Their relationship raises various questions and disagreements towards the politics of gender performativity in Indian cultural system.']]",2
tt15326988,"[[""Cole falls head over heels for enigmatic Sadie, but then makes the shocking discovery that she's a secret agent. Before they can decide on a second date, Cole and Sadie are swept away on an international adventure to save the world.""], ['Plot under wraps.'], ['Plot under wraps.']]",2
tt14967958,"[['During an unusual summer vacation in Iceland, the Don Glees boys discover a treasure.'], ['During an unusual summer vacation in Iceland, the DonGlees boys discover a treasure.']]",2
tt14857720,"[[""All Reese wants for Christmas is two permanent legs and her scales to not pop up when it rains. Except sirens, like Reese, can't control their shifting. Until she finds a loophole, the key to having the life she's always wanted.""], ['Nasa astronauts and 7 tourists aboard the space shuttle Odyssey are unexpectedly sucked through a worm hole hidden behind the moon.']]",2
tt14210968,"[['The Haunting of Lanquetot, set in present day Normandy France is an adrenaline fueled comedy horror of murder, human weakness and an historical love tale brought to life through one girls struggle, Chantilly, to escape her own limitations.'], ['Add a Plot']]",2
tt13832474,"[['Add a Plot'], ['Add a Plot'], ['Add a Plot'], ['A teacher tells his students the story of Rosendo Fierro, who was a messenger in the Revolution.']]",2
tt13130948,"[['Bantu is hated by his father Valmiki since he was a toddler. Samara, his boss, shows him affection and love until he discovers that the Jindals are his parents. Bantu decides to seek Jindals love and protect them from threats they facing.'], ['Bantu is hated by his father Valmiki since he was a toddler. Samara, his boss show him affection and love until he discovers that the Jindals are his parents. Bantu decides to seek Jindals love and protect them from threats they facing.']]",2
tt1302006,"[['Hitman Frank Sheeran looks back at the secrets he kept as a loyal member of the Bufalino crime family.'], [""An illustration of Frank Sheeran's life, from WWII veteran, to hitman for the Bufalino crime family and his alleged assassination of close friend, Jimmy Hoffa.""]]",2
tt12794540,"[[""Based on the mysterious legend of Idilia Dubb. Germany, 19th century, Middle Rhein Valley. The dreamy Idilia (Lea van Acken) awakes injured in the midst of a gloomy castle ruin and can't ...                See full summary\xa0»""], ['Based on the mysterious legend of Idilia Dubb. Germany, 19th century, in the Middle Rhine Valley. 17-year-old Idilia (Lea van Acken) wakes up badly injured in the middle of a gloomy castle ...                See full summary\xa0»'], [""Based on the mysterious legend of Idilia Dubb. Germany, 19th century, Middle Rhein Valley. The dreamy Idilia (Lea van Acken) awakes injured in the midst of a gloomy castle ruin and can't ...                See full summary\xa0»""]]",2
tt12758060,"[[""An American and Russian computer geek form an unlikely friendship as they try to evade the KGB and smuggle the world's most famous video game out of the Soviet Union.""], [""The story of how one of the world's most popular video games found its way to players around the globe. Businessman Henk Rogers and Tetris inventor Alexey Pajitnov join forces in the USSR, risking it all to bring Tetris to the masses.""]]",2
tt12471010,"[['Two Savannah kittens, Scribbles and Pearl are flown over from the U.K. to meet the new family and neighbors in Southern Califronia. Once they arrive in their new home adventure, mayhem, and fun begins.'], ['Two Savannah kittens, Scribbles and Pearl, are flown over from the U.K. to meet their new family and neighbors in Southern California. Once they arrive in their new home, adventure, mayhem and fun begins.']]",2
tt11478236,"[['Add a Plot'], ['Set in Y-Academy, an elite school that only allows students with top class abilities to enter. The protagonist, Jinpei Jiba, and his unique friends take on the mysteries of the school as transforming heroes.'], ['Add a Plot'], ['Add a Plot'], ['Add a Plot']]",2
tt2301592,"[['In a Chilean little town, the son of an uprooted couple, formed by a rigorous communist father and a loving but weak mother, tries to pave his own path in a society that does not understand their Jewish-Ukrainian origins.'], ['In a little Chilean town, the son of an uprooted couple formed by a rigorous communist father and a loving but weak mother tries to pave his own path in a society that does not understand their Jewish-Ukrainian origins.']]",2
tt24806744,"[['This 45-minute feature length special features your favorites from the School of Drama series; dancing the night away.'], ['When something big happens at Drama High, the girls and guys come together to fight the terrible creature. Then, they dance the night away.'], ['When something big happens at Drama High, the girls and guys come together to fight the terrible creature. Then, they dance the night away.']]",2
tt10645276,"[['Ecosystem damage in All waters. Kiko the goldfish and his friends who live in Asri City, must go on an adventure with Princess Clara the mermaid from Shell Castle, looking for the Five ...                See full summary\xa0»'], ['An adventure of 5 friends, Kiko, Poli, Lola, Tingting and Patino to help a royal princess find five lost pearls in order to restore a broken kingdom.'], ['Ecosystem damage in All waters. Kiko the goldfish and his friends who live in Asri City, must go on an adventure with Princess Clara the mermaid from Shell Castle, looking for the Five ...                See full summary\xa0»']]",2
tt24850716,"[['Add a Plot'], ['A young duck named Max who joins a force of other ducks as they living in an island where bad dogs comes out of life.']]",2
tt9072932,"[[""One day, the Mobile Rescue Police is attacked by the mysterious boy, Terra. His identity was an android the Evil AI was operating. Because of Terra's powerful energy, Gou and the others are...                See full summary\xa0»""], ['Add a Plot'], ['Add a Plot']]",2
tt8876854,"[['""Modern Arcana,"" a kaleidoscopic reincarnation romance about two souls who meet in the afterlife and take turns living lives of their choice. Should they give it all up for one life together, and who says love only lasts one lifetime?'], ['Modern Arcana is a psychedelic dance romance about two beings. Only one can live at a time, but in the afterlife they are together for eternity. When Estelle starts questioning, why not stay dead, who says love has to last a lifetime?']]",2
tt8589698,"[['CG-animated feature film based on the superhero team'], ['The Turtle brothers as they work to earn the love of New York City while facing down an army of mutants.'], ['CG-animated feature film based on the superhero team'], ['CG-animated feature film based on the superhero team'], ['CG-animated feature film based on the superhero team'], ['CG-animated feature film based on the superhero team']]",2
tt7956588,"[['A young couple who meet while on a suicide mission has much to do with love, suspense and murder. Despite their mission being a deadly and intriguing one the couple fall in love as all young people do when in exciting situations.'], ['A young couple meet while on a suicide mission that has much to do with love, suspense, and murder. Despite their mission being deadly and intriguing, the couple falls in love, as all young people do when in exciting situations.'], ['A young couple who meet while on a suicide mission has much to do with love, suspense and murder. Despite their mission being a deadly and intriguing one the couple fall in love as all young people do when in exciting situations.']]",2
tt7782420,"[['Two sisters of an upper middle class burgher family to revive their century old family business - a funeral service, now on the verge of closure.The reason for the failure of the business ...                See full summary\xa0»'], ['Two sisters of an upper-middle-class burgher family revive their century-old family business: a funeral service that is now on the verge of closure. The reason for the failure of the ...                See full summary\xa0»']]",2
tt7641174,"[['This is a film that showing the epic battle and struggle a group of uneducated villagers went through to get its independence back in 1948 and its discusses a ""secret"" what happened between...                See full summary\xa0»'], ['This is a film that depicts the epic battle and struggle a group of uneducated villagers went through to get its independence back in 1948 and discusses a ""secret"": what happened between ...                See full summary\xa0»'], ['This is a film that showing the epic battle and struggle a group of uneducated villagers went through to get its independence back in 1948 and its discusses a ""secret"" what happened between...                See full summary\xa0»'], ['This is a film that showing the epic battle and struggle a group of uneducated villagers went through to get its independence back in 1948 and its discusses a ""secret"" what happened between...                See full summary\xa0»'], ['This is a film that showing the epic battle and struggle a group of uneducated villagers went through to get its independence back in 1948 and its discusses a ""secret"" what happened between...                See full summary\xa0»']]",2
tt6886686,"[['This is a film about the film for films.'], ['Four university students join a philosophy class about Anti-natalism, the ethical view which argues that humans should abstain from procreation, because it is morally wrong, then they face pregnancy and suicidal desire.'], ['This is a film about the film for films.']]",2
tt6740292,"[['22 year-old Charleston slave Robert Smalls steals a Confederate gunship and sails his family and the slave crew to freedom, persuading Abraham Lincoln to enlist black soldiers and turn the tide of the Civil War.'], ['22 year-old enslaved man Robert Smalls steals a Confederate gunship and sails his family and the enslaved crew to freedom, persuading Abraham Lincoln to enlist Black soldiers and turn the tide of the Civil War.']]",2
tt5922940,"[['Add a Plot'], ['Stefano is a contemporary ""ronin"", a man adrift with the soul of a samurai and the conviction that to achieve peace it is necessary to wage war.'], ['Add a Plot']]",2
tt5914996,"[['Adaption of the sixth Light Novel of series, it follows the story of two new characters, Riku and Schwi, during the events of the Great War prior to the Ten Covenants.'], ['Adaption of the sixth Light Novel of series, it follows the story of two new characters, Riku and Schwi, during the events of the Great War prior to the Ten Covenants.'], ['Adaption of the sixth Light Novel of series, it follows the story of two new characters - Riku and Schwi - during the events of the Great War, prior to the Ten Covenants.'], ['Adaption of the sixth Light Novel of series, it follows the story of two new characters - Riku and Schwi - during the events of the Great War, prior to the Ten Covenants.']]",2
tt5136164,"[['Add a Plot'], ['A little boy, Iqbal, is kidnapped by a carpet dealer who forces him to work in his workshop. With no fear or reproach, he will do everything he can to save himself and his unfortunate friends.']]",2
tt4412528,"[['Set in a small town near the North Pole where roads lead to nowhere, the story follows Roman and Lucy, two burning souls who come together to make a leap for life and inner peace.'], ['Set in a small town near the North Pole where roads lead to nowhere, the story follows Roman (DeHaan) and Lucy (Maslany), two burning souls who come together to make a leap for life and inner peace.']]",2
tt4299828,"[['Mark is a fighter who is taken in the backseat of a car to fight in underground combats. In his way, he meets Sandy, a young and beautiful prostitute. Both share the same desire: forget the...                See full summary\xa0»'], ['Mark, an undercover cop, is hiding in the world of underground combats from a secret mission that went wrong. He meets Sandy, a beautiful prostitute and a lost soul like him. When Mark is ...                See full summary\xa0»'], ['Mark is a fighter who is taken in the backseat of a car to fight in underground combats. In his way, he meets Sandy, a young and beautiful prostitute. Both share the same desire: forget the...                See full summary\xa0»'], ['Mark is a fighter who is taken in the backseat of a car to fight in underground combats. In his way, he meets Sandy, a young and beautiful prostitute. Both share the same desire: forget the...                See full summary\xa0»'], ['Mark is a fighter who is taken in the backseat of a car to fight in underground combats. In his way, he meets Sandy, a young and beautiful prostitute. Both share the same desire: forget the...                See full summary\xa0»']]",2
tt3679040,"[[""The eldest brother who refuses to marry since he believes it may create disharmony in his big family. His brothers, who've already found partners, come together to find a match for him""], ['Three brothers-where the two younger siblings must wait to marry until their elder brother becomes attached.']]",2
tt26734775,"[['Leo, Jake and Cormac, three stick figures who are locally known as ""The Bros Pros"" are dismissed from their old job after escaping a prison. But it was all because of a new leader Named ...                See full summary\xa0»'], ['Add a Plot']]",2
tt26604863,"[['Add a Plot'], ['Rosa is a little insecure and dutiful flower fairy who always lived alone in her rosebush. More than anything she dreams of having a friend, but she is scared of everything and never dared ...                See full summary\xa0»']]",2
tt26459827,"[['Add a Plot'], [""Venizelos: The Struggle for Asia Minor follows one of modern Greece's greatest politicians as he faces formidable challenges during the critical decade from the Balkan Wars and World War I ...                See full summary\xa0»""]]",2
tt26316468,"[['Add a Plot'], ['As Sir Topham Hatt begins another restoration, Hawin tries desperately to hide the truth from Edward and Rusty. The nightmares will never end.']]",2
tt2629322,"[['This is an extraordinary tale from over 2600 years ago, of a Prince who is endowed with everything he needs and more. Luxury, palaces and all hearts desires, are provided to him by his ...                See full summary\xa0»'], [""This is an extraordinary tale from over 2600 years ago, of a Prince who is endowed with everything he needs and more. Luxury, palaces, and all heart's-desires are provided to him by his ...                See full summary\xa0»""]]",2
tt26235412,"[['Families of two different cultures join hands and come together for love, humanity, and peace with a strong message of national integrity'], ['Add a Plot']]",2
tt26219228,"[['The bird attack continues, this time in San Francisco, California.'], ['Add a Plot']]",2
tt2576928,"[['A construction company, in order to win a tender for the construction of a large stadium, is forced to assemble from its employees - a football team. And all because the customer, more than...                See full summary\xa0»'], ['Add a Plot']]",2
tt25049058,"[['The movie describes the life o the Virgin Mary from the Crucifixion till her miraculous departure/death.'], ['The movie portrays the life of the Virgin Mary from the Crucifixion (33AD) till her miraculous departure/death (44AD).']]",2
tt10764018,"[['Add a Plot'], [""Time Fighters is the first film cut from Tatsunoko's Time Bokan by Jim Terry's Kidpix Productions. It is mostly made up of early episodes of the show, including the premiere.""], ['Add a Plot'], ['Add a Plot'], ['Add a Plot']]",2
tt10084832,"[['The plot is unknown at this time.'], ['A stifled city girl ""Nellie"", discovers a mysterious nomad ""Ben"", with a bizarre condition, which rips them inexplicably across every corner of the earth.']]",2
tt0018634,"[['A young air mail pilot arouses the wrath of the father of the girl he loves, the result being that he is forbidden to see her. However, he finds that his rival plans to rob the air mail. ...                See full summary\xa0»'], ['Add a Plot'], ['Add a Plot']]",2
tt0173080,"[[""When Vishal does not agree of Suraj and Muskaan's relationship, Suraj decides to win Vishal's heart for marrying Muskaan.""], [""Muskaan (Kajol) is an orphan girl living on a farm run by her overly-protective older brother, Vishal (Arbaaz Khan) and their 'Chachu' (Dharmendra). Muskaan's childhood friend, Ujaala (...                See full summary\xa0»""]]",2
tt0140355,"[[""A rancher falls in love with his friend's sister, but love is put to the test when his friend betrays him and joins the bandits who want to steal his cattle.""], ['Add a Plot']]",2
tt0127897,"[['Add a Plot'], ['Evelyn Milton debuts as a dancer at the Empire theatre.']]",2
tt0121283,"[['Add a Plot'], [""Maria is a sweet child. She hasn't father and doesn't like her mother. She has a boyfriend, A bandit who would like to change his class.""], ['Add a Plot']]",2
tt0111119,"[[""The love story between a famous rock singer, Awie, and her lover Wati who is prevented by Wati's brother, Azman and Ziana who fall in love with Awie try to make difference with them.""], ['Boy meets girl at school, brother of girl not too keen, ending in mud-wrestling.']]",2
tt0107692,"[['A vagabond swordsman is aided by a kunoichi and a spy in battling a demonic clan of killers - led by a ghost from his past - who are bent on overthrowing the Tokugawa Shogunate.'], ['A vagabond swordsman is aided by a beautiful ninja girl and a crafty spy in confronting a demonic clan of killers - with a ghost from his past as their leader - who are bent on overthrowing the Tokugawa Shogunate.'], ['A vagabond swordsman is aided by a beautiful ninja girl and a crafty spy in confronting a demonic clan of killers - with a ghost from his past as their leader - who are bent on overthrowing the Tokugawa Shogunate.'], ['A vagabond swordsman is aided by a beautiful ninja girl and a crafty spy in confronting a demonic clan of killers - with a ghost from his past as their leader - who are bent on overthrowing the Tokugawa Shogunate.'], ['A vagabond swordsman is aided by a beautiful ninja girl and a crafty spy in confronting a demonic clan of killers - with a ghost from his past as their leader - who are bent on overthrowing the Tokugawa Shogunate.']]",2
tt0099656,"[['Elderly Scott kills himself after a heart attack wrecks his body, but then comes back as a ghost and convinces his loving young hot wife Kate to pick and kill a young man in order for Scott to possess his body and be with her again.'], ['Elderly Scott kills himself after a heart attack wrecks his body, but then comes back as a ghost and convinces his loving young hot wife Katie to pick and kill a young man in order for Scott to possess his body and be with her again.'], ['Elderly Scott kills himself after a heart attack wrecks his body, but then comes back as a ghost and convinces his loving young hot wife Kate to pick and kill a young man in order for Scott to possess his body and be with her again.']]",2
tt0095619,"[['Add a Plot'], ['Based on the work by Fernando Pessoa - a ""message"" about the destinies of Portugal - not just in isolation but looking at them as precursors and announcers of the fate of the entire planet.']]",2
tt0093779,"[[""A bedridden boy's grandfather reads him the story of a farmboy-turned-pirate who encounters numerous obstacles, enemies and allies in his quest to be reunited with his true love.""], [""While home sick in bed, a young boy's grandfather reads him the story of a farmboy-turned-pirate who encounters numerous obstacles, enemies and allies in his quest to be reunited with his true love.""], [""While home sick in bed, a young boy's grandfather reads him the story of a farmboy-turned-pirate who encounters numerous obstacles, enemies and allies in his quest to be reunited with his true love.""], [""While home sick in bed, a young boy's grandfather reads him the story of a farmboy-turned-pirate who encounters numerous obstacles, enemies and allies in his quest to be reunited with his true love.""]]",2
tt0084535,"[['Before her death, the queen mother asked the fairy that her youngest son should be loved by a girl for whom he would be the only happiness. The fairy was wise and therefore - turned the young man into a wild beast.'], ['Add a Plot'], ['Add a Plot'], ['Add a Plot']]",2
tt0083567,"[[""A French psychologist investigates about famous suicidal women. She finds the case of Antonieta Rivas Mercado, a Mexican writer who died inside Paris' Notre Dame in 1931. To follow the ...                See full summary\xa0»""], [""Anna uncovers an incident involving a young Mexican woman, Antonieta, while doing research for a book on women's suicides in the XXth century. In 1931, in the Notre Dame Cathedral in Paris, Antonieta shot herself through the heart.""]]",2
tt0074846,"[['The little mermaid, one of the daughters of the sea king, seeing the prince on the deck of a luxurious ship, falls in love with him. But during a storm, the ship crashes against a rock. The little mermaid saves her lover from death.'], ['The little mermaid rescues a prince from drowning and falls in love with him. To be with him, she makes a deal with the evil sorceress: her beautiful voice against a life on land. It seems ...                See full summary\xa0»'], ['The little mermaid rescues a prince from drowning and falls in love with him. To be with him, she makes a deal with the evil sorceress: her beautiful voice against a life on land. It seems ...                See full summary\xa0»']]",2
tt0065588,"[['In order to foil the enemy aliens\' ""Cleopatra Plan"", three people from the future are spiritually sent back to Cleopatra\'s time to understand the enemy intentions.'], [""To decipher a scheme plotted by enemy aliens, three agents from the future travel to Cleopatra's time, where they witness her romances with Caesar and Mark Antony.""], [""To decipher a scheme plotted by enemy aliens, three agents from the future travel to Cleopatra's time, where they witness her romances with Caesar and Mark Antony.""], ['In order to foil the enemy aliens\' ""Cleopatra Plan"", three people from the future are spiritually sent back to Cleopatra\'s time to understand the enemy intentions.'], ['In order to foil the enemy aliens\' ""Cleopatra Plan"", three people from the future are spiritually sent back to Cleopatra\'s time to understand the enemy intentions.']]",2
tt0063456,"[[""When a mentally disturbed young man tells a pretty girl that he's a secret agent, she believes him, and murder and mayhem ensue.""], [""When a mentally-disturbed young man tells a pretty girl that he's a secret agent, she believes him; murder and mayhem ensue.""], [""When a mentally disturbed young man tells a pretty girl that he's a secret agent, she believes him, and murder and mayhem ensue.""]]",2
tt0058423,"[['How difficult it is to be a real person. This was fully felt ""in his own skin"" by the bear, whom the wizard turned into a beautiful young man. The most terrible was the condition set by the magician.'], ['In a romantic and philosophical tale of magic and love, a mischievous Sorcerer turns a bear into a young man. Unhappy in his new state, the former bear, with the help of the magician and ...                See full summary\xa0»']]",2
tt0049180,"[['Spanish right-wingers equally devoted to Catholic religion and Franco dictatorship, go soldiering as volunteers with the Germans when these started hostilities against Russia (1943), then ...                See full summary\xa0»'], [""Right-wing Spaniards who are equally devoted to Catholicism and Franco's dictatorship volunteer as soldiers to fight alongside the Germans when Germany invades the Soviet Union. When they ...                See full summary\xa0»""]]",2
tt0048038,"[[""The second part of the Ernst Thaelmann films encompasses the time period between 1930 and Thaelmann's murder in 1944. It shows Thaelmann's battle to achieve a united front with all German ...                See full summary\xa0»""], [""The second part of the Ernst Thälmann films encompasses the time period between 1930 and Thälmann's murder in 1944. It shows Thälmann's battle to achieve a united front with all German ...                See full summary\xa0»""]]",2
tt0041861,"[[""Khalifa Haroon instructs his daughter, Shabnam, to keep her face in a veil as she resembles Shubi, the region's Shehzadi. With soldiers under the command of Siparsala Zaber terrorizing the ...                See full summary\xa0»""], ['Add a Plot']]",2
tt0036367,"[['A group of nurses returning from the war in the Philippines recall their experiences in combat and in love.'], ['A group of nurses returning from the war in the Phillippines recall their experiences in combat and in love.']]",2
tt0033870,"[['San Francisco private detective Sam Spade takes on a case that involves him with three eccentric criminals, a gorgeous liar, and their quest for a priceless statuette, with the stakes rising after his partner is murdered.'], ['San Francisco private detective Sam Spade takes on a case that involves him with three eccentric criminals, a gorgeous liar and their quest for a priceless statuette, with the stakes rising after his partner is murdered.'], ['San Francisco private detective Sam Spade takes on a case that involves him with three eccentric criminals, a gorgeous liar, and their quest for a priceless statuette, with the stakes rising after his partner is murdered.'], ['San Francisco private detective Sam Spade takes on a case that involves him with three eccentric criminals, a gorgeous liar, and their quest for a priceless statuette, with the stakes rising after his partner is murdered.']]",2
tt0032710,"[['Life story of the musical star from her discovery in 1890 by band leader Tony Pastor till her retirement in 1912 when she married newspaperman Alexander Moore.'], ['The life story of the musical star from her discovery in 1890 by bandleader Tony Pastor until her retirement in 1912, when she married newspaperman Alexander Moore.']]",2
tt0032179,"[[""After Larry Darrant accidentally kills his lover's estranged blackmailing husband, someone else is arrested for the crime. Larry and Wanda have just three weeks together before the trial ...                See full summary\xa0»""], [""After Larry accidentally kills his lover Wanda's estranged blackmailing husband, someone else is arrested for the crime. Larry and Wanda nervously await the verdict: if the innocent suspect is found guilty then Larry will give himself up.""]]",2
tt0018926,"[['Add a Plot'], ['A saxophone player Clyde, who busks on the San Francisco Bay waterfront. One night, he meets Flowers, and teaches her to dance, but finds that ""Blackjack"", the leader of a ruthless gang, is also in love with her.']]",2
tt0018662,"[[""Jack Dunton, an honest gambler, discovers that his ward, Verde, wants to study mine engineering, and he begins to cheat at cards in order to finance the boy's education. Returning from ...                See full summary\xa0»""], ['Add a Plot']]",2
tt0144608,"[['The story of the legendary sailor who helps a beautiful princess save her father and their seaside kingdom from the clutches of an Evil Wizard.'], ['The sailor is ""persuaded"" by a Princess to help her rescue her kingdom from something fishy.'], ['The sailor is ""persuaded"" by a Princess to help her rescue her kingdom from something fishy.']]",2
tt0181627,"[['In a troubled African village, an unusual baby is born.'], ['Kirikou, an unusual little boy, must search the wisdom of the forbidden mountain in order to save his village from a spell cast by the evil sorceress Karaba'], ['In a troubled African village, an unusual baby is born.'], ['In a troubled African village, an unusual baby is born.']]",2
tt0824747,"[['Grief-stricken mother Christine Collins (Angelina Jolie) takes on the L.A.P.D. to her own detriment when they try to pass off an obvious impostor as her missing child.'], ['Grief-stricken mother Christine Collins (Angelina Jolie) takes on the L.A.P.D. to her own detriment when they try to pass off an obvious impostor as her missing child.'], ['Grief-stricken mother Christine Collins (Angelina Jolie) takes on the L.A.P.D. to her own detriment when they try to pass off an obvious impostor as her missing child.'], ['Grief-stricken mother Christine Collins (Angelina Jolie) takes on the L.A.P.D. to her own detriment when they try to pass off an obvious impostor as her missing child.'], ['Grief-stricken mother Christine Collins takes on the L.A.P.D. to her own detriment when they try to pass off an obvious impostor as her missing child.']]",2
tt0181850,"[['A jealously raging woman wishes her lover dead, then returns to discover him murdered.'], ['Michael and Janie are a pair of young grad students living together on a quiet college campus. One day, Janie discovers that Michael has been cheating on her. She walks out on him, only to ...                See full summary\xa0»'], ['Michael and Janie are a pair of young grad students living together on a quiet college campus. One day, Janie discovers that Michael has been cheating on her. She walks out on him, only to ...                See full summary\xa0»']]",2
tt0479952,"[['The Madagascar animals fly back to New York City, but crash-land on an African nature reserve, where they meet others of their own kind, and Alex especially discovers his royal heritage as prince of a lion pride.'], ['The Madagascar animals fly back to New York City, but crash-land on an African nature reserve in Kenya, where they meet others of their own kind, and Alex especially discovers his royal heritage as prince of a lion pride.'], ['The Madagascar animals fly back to New York City, but crash-land on an African nature reserve, where they meet others of their own kind, and Alex especially discovers his royal heritage as prince of a lion pride.']]",2
tt0474747,"[['Story of two friends Iqbal Jah and Nawab-Ud-Dowla. To strengthen their friendship, Iqbal Jah had arranged the marriage of his only daughter Hina with Aftab, the son of Nawab-Ud-Dowla. But ...                See full summary\xa0»'], ['Add a Plot']]",2
tt0465066,"[['Sa Ilalim Ng Cogon is a mystery action horror thriller that tells the story of Sam (Yul Servo), a former soldier who unintentionally gets disturb in a robbery gone wrong.Escaping with the ...                See full summary\xa0»'], ['Sam is a former soldier on the lam from a heist gone terribly wrong. On a desolate road, he comes across an abandoned estate fronted by creepy stone gargoyles and hides from the gangsters ...                See full summary\xa0»'], ['Sa Ilalim Ng Cogon is a mystery action horror thriller that tells the story of Sam (Yul Servo), a former soldier who unintentionally gets disturb in a robbery gone wrong.Escaping with the ...                See full summary\xa0»'], ['Sa Ilalim Ng Cogon is a mystery action horror thriller that tells the story of Sam (Yul Servo), a former soldier who unintentionally gets disturb in a robbery gone wrong.Escaping with the ...                See full summary\xa0»']]",2
tt0383009,"[['Add a Plot'], [""Eduard de Siscart, firstborn of an aristocratic family, supports the resistance against Franco's forces. Precisely for this reason, when the Civil War ends (1936-1939) he is forced into exile.""]]",2
tt0382585,"[['An undercover cop and traffic enforcer who fall in love while they dismantle a crime syndicate.'], ['Add a Plot']]",2
tt0327628,"[['When an ancient treasure is violated by Chinese soldiers, each of their wives become pregnant and possessed simultaneously. A rogue priest and a chef must try and kill the demons before they can infest the entire world.'], ['When an ancient treasure is violated by a military general, each of his concubines becomes pregnant with a demonic baby. A rogue priest and a chef must try and kill the demons before they can infest the entire world.']]",2
tt0314588,"[['1941 A Soviet merchant ship arrived at an Italian port. Sailor Roman heard the singing of the beautiful Francesca and fell in love. But the war broke out and separated the lovers.'], ['Add a Plot']]",2
tt0297753,"[[""On the distant planet Axis, Kaena, a rebellious, high-spirited teenage girl, will defy the High Priest and her people's ancestral beliefs to take a perilous journey and discover what dark secrets lie beyond the clouds.""], [""On the distant planet Axis, rebellious, high-spirited teenage girl Kaena defies the High Priest and her people's ancestral beliefs to take a perilous journey and discover what dark secrets lie beyond the clouds.""], [""On the distant planet Axis, Kaena, a rebellious, high-spirited teenage girl, will defy the High Priest and her people's ancestral beliefs to take a perilous journey and discover what dark secrets lie beyond the clouds.""], [""On the distant planet Axis, Kaena, a rebellious, high-spirited teenage girl, will defy the High Priest and her people's ancestral beliefs to take a perilous journey and discover what dark secrets lie beyond the clouds.""], [""On the distant planet Axis, Kaena, a rebellious, high-spirited teenage girl, will defy the High Priest and her people's ancestral beliefs to take a perilous journey and discover what dark secrets lie beyond the clouds.""]]",2
tt0280927,"[['In a Northern border village during the Sri Lankan Civil War, a Sinhalese soldier meets a Tamil girl in the battlefield. The soldier leaves the army with the girl and returns to his village...                See full summary\xa0»'], ['Set in a Northern border village during the Sri Lankan Civil War, a Sinhalese soldier meets a Tamil girl in the battlefield. The soldier leaves the army with the girl, and goes back to his ...                See full summary\xa0»']]",2
tt0277660,"[['The story of a princess who was sworn into the black since childhood. He is destined to marry a prince and lived in the palace. But disliked by her mother in law.'], ['Add a Plot']]",2
tt0271719,"[[""The kidnapping of the youngest daughter of the Pintín, Luna, who captured by two lovable thugs is taken to the hold of a strange ship -which Noah's ark- through which various characters of different species circulate.""], ['A family of penguins is enjoying a day at the beach, but their daughter is kidnapped by criminals and they have to rescue her.'], [""The kidnapping of the youngest daughter of the Pintín, Luna, who captured by two lovable thugs is taken to the hold of a strange ship -which Noah's ark- through which various characters of different species circulate.""]]",2
tt0269358,"[['Ico is a wild foal who lives in a large meadow with his mother and other forest animals.'], ['Add a Plot'], ['Ico is a wild foal who lives in a large meadow with his mother and other forest animals.'], ['Add a Plot'], ['Add a Plot'], ['Add a Plot']]",2
tt0242804,"[['Add a Plot'], ['Man in the final stages of a fatal illness gets immersed in a new romance and a murder investigation.'], ['Add a Plot']]",2
tt0242342,"[['Add a Plot'], [""Clara is mistreated by her stepfather, Luis, her neighbor, decides to help her by taking her to live with him. Luis' girlfriend introduces herself as his wife and she expels Clara.""]]",2
tt0241291,"[['Add a Plot'], ['To steal some important papers, a man is murdered by two others. The youngest daughter witnesses the crime and recognizes the murderers. She is left orphaned and helpless.']]",2
tt0230742,"[['Add a Plot'], [""Antwerp at the end of the 16th century. For the second time the city falls into the hands of the plundering and murdering Spaniards. Jan and Myga are just ten years old. While Myga's father...                See full summary\xa0»""], ['Add a Plot'], ['Add a Plot']]",2
tt0230426,"[['Based on Russian folk tales.'], ['Based on Russian folk tales.'], ['On reasons of the Russian folk tales. Once a czarevitch wanted to get married, and necessarily on the Gold braid - beloved beauty that is seen by him in sleep. Ivan asks a father to release...                See full summary\xa0»'], ['On reasons of the Russian folk tales. Once a czarevitch wanted to get married, and necessarily on the Gold braid - beloved beauty that is seen by him in sleep. Ivan asks a father to release...                See full summary\xa0»']]",2
tt0226785,"[['Add a Plot'], ['When her father dies mysteriously, a young woman is protected by an acquaintance of his, who takes her to live in his house, where she suffers the abuse of his niece.'], ['Add a Plot'], ['Add a Plot']]",2
tt0218516,"[['Berlin Alexanderplatz; within 24 hours, various stories rotate between the heights and depths of the square, between the television tower and the subway shafts, between larger and smaller fates, that slowly but surely become entangled.'], ['Add a Plot'], ['Add a Plot']]",2
tt0217590,"[['A boy raised by animals learns to live by the laws of the jungle. Full-length version of the Soviet animated series'], ['A boy raised by animals learns to live by the laws of the jungle. Full-length version of the Soviet animated series.'], ['A boy raised by animals learns to live by the laws of the jungle. Full-length version of the Soviet animated series']]",2
tt0214245,"[['Add a Plot'], ['At a polo field, delving into the bushes to retrieve a ball, Valerio finds the dead body of 20-year-old Giuliana Villani, who died of a drug overdose. The girl had two brothers.'], ['Add a Plot']]",2
tt0206420,"[['After being cheated on by an insecure man, Brazilian chef Isabella Oliveira moves to San Francisco and finds success as the host of a cooking show.'], ['Brazilian chef Isabella Oliveira moves to San Francisco when her husband, frustrated by her motion sickness, cheats on her.']]",2
tt0183272,"[['Cüneyt is hired by some wise guy named Beyefendi (Gentleman) to rescue a Professor who has found side-effect-less synthetic painkiller.'], ['Add a Plot'], ['Add a Plot']]",2
tt9816134,"[['Aspiring university student is studying in order to try again for the university examination. One midday time seems to stand still for everyone and everything around him. This phenomenon ...                See full summary\xa0»'], ['Aspiring university student is studying in order to try again for the university examination. One midday time seems to stand still for everyone and everything around him. Moreover, this ...                See full summary\xa0»'], ['Aspiring university student is studying in order to try again for the university examination. One midday time seems to stand still for everyone and everything around him. Moreover, this ...                See full summary\xa0»']]",2
